sector,technology,year,region,scenario_source,metric,production,technology_share,scope,percentage_of_initial_production_by_scope
automotive,electric,2025,vietnam,nze_2023,projected,10000,0.22222222222222224,sector,0
automotive,electric,2025,vietnam,nze_2023,target_nze_global,11356.222222222223,0.2306878306878307,sector,0
automotive,electric,2025,vietnam,pdp8_2023,projected,10000,0.22222222222222224,sector,0
automotive,electric,2025,vietnam,pdp8_2023,target_pdp8_ndc,11356.222222222223,0.2306878306878307,sector,0
automotive,electric,2025,vietnam,steps_2023,projected,10000,0.22222222222222224,sector,0
automotive,electric,2025,vietnam,steps_2023,target_steps,11356.222222222223,0.2306878306878307,sector,0
automotive,electric,2026,vietnam,nze_2023,projected,15555.555555555555,0.22222222222222224,sector,0.08192692118630181
automotive,electric,2026,vietnam,nze_2023,target_nze_global,15424.888888888889,0.2674556557594668,sector,0.05714285714285713
automotive,electric,2026,vietnam,pdp8_2023,projected,15555.555555555555,0.22222222222222224,sector,0.08192692118630181
automotive,electric,2026,vietnam,pdp8_2023,target_pdp8_ndc,13390.555555555555,0.24961902865846075,sector,0.028571428571428553
automotive,electric,2026,vietnam,steps_2023,projected,15555.555555555555,0.22222222222222224,sector,0.08192692118630181
automotive,electric,2026,vietnam,steps_2023,target_steps,11356.222222222223,0.2280507905426897,sector,0
automotive,electric,2027,vietnam,nze_2023,projected,22222.222222222223,0.2222222222222222,sector,0.18023922660986402
automotive,electric,2027,vietnam,nze_2023,target_nze_global,21527.888888888887,0.3254736840790021,sector,0.14285714285714282
automotive,electric,2027,vietnam,pdp8_2023,projected,22222.222222222223,0.2222222222222222,sector,0.18023922660986402
automotive,electric,2027,vietnam,pdp8_2023,target_pdp8_ndc,16103,0.27242411125864957,sector,0.06666666666666665
automotive,electric,2027,vietnam,steps_2023,projected,22222.222222222223,0.2222222222222222,sector,0.18023922660986402
automotive,electric,2027,vietnam,steps_2023,target_steps,12034.333333333334,0.2344268413083308,sector,0.009523809523809526
automotive,electric,2028,vietnam,nze_2023,projected,28888.888888888887,0.2222222222222222,sector,0.27855153203342614
automotive,electric,2028,vietnam,nze_2023,target_nze_global,28987.111111111113,0.3947995996393295,sector,0.24761904761904763
automotive,electric,2028,vietnam,pdp8_2023,projected,28888.888888888887,0.2222222222222222,sector,0.27855153203342614
automotive,electric,2028,vietnam,pdp8_2023,target_pdp8_ndc,19493.555555555555,0.3001596346181801,sector,0.11428571428571425
automotive,electric,2028,vietnam,steps_2023,projected,28888.888888888887,0.2222222222222222,sector,0.27855153203342614
automotive,electric,2028,vietnam,steps_2023,target_steps,12712.444444444445,0.23811171038309553,sector,0.019047619047619053
automotive,electric,2029,vietnam,nze_2023,projected,35555.555555555555,0.22222222222222224,sector,0.37686383745698837
automotive,electric,2029,vietnam,nze_2023,target_nze_global,37124.444444444445,0.47385023118960196,sector,0.3619047619047619
automotive,electric,2029,vietnam,pdp8_2023,projected,35555.555555555555,0.22222222222222224,sector,0.37686383745698837
automotive,electric,2029,vietnam,pdp8_2023,target_pdp8_ndc,23562.222222222223,0.33364671004057644,sector,0.17142857142857143
automotive,electric,2029,vietnam,steps_2023,projected,35555.555555555555,0.22222222222222224,sector,0.37686383745698837
automotive,electric,2029,vietnam,steps_2023,target_steps,13390.555555555555,0.24143652457654585,sector,0.028571428571428553
automotive,electric,2030,vietnam,nze_2023,projected,44444.444444444445,0.2222222222222222,sector,0.5079469113550713
automotive,electric,2030,vietnam,nze_2023,target_nze_global,43905.555555555555,0.5405258024214646,sector,0.4571428571428571
automotive,electric,2030,vietnam,pdp8_2023,projected,44444.444444444445,0.2222222222222222,sector,0.5079469113550713
automotive,electric,2030,vietnam,pdp8_2023,target_pdp8_ndc,28987.111111111113,0.38053116757351574,sector,0.24761904761904763
automotive,electric,2030,vietnam,steps_2023,projected,44444.444444444445,0.2222222222222222,sector,0.5079469113550713
automotive,electric,2030,vietnam,steps_2023,target_steps,14068.666666666666,0.24447967011444457,sector,0.03809523809523808
automotive,hybrid,2025,vietnam,nze_2023,projected,1377.7777777777778,0.06145833333333334,sector,0
automotive,hybrid,2025,vietnam,nze_2023,target_nze_global,3412.1111111111113,0.08710317460317461,sector,0
automotive,hybrid,2025,vietnam,pdp8_2023,projected,1377.7777777777778,0.06145833333333334,sector,0
automotive,hybrid,2025,vietnam,pdp8_2023,target_pdp8_ndc,3412.1111111111113,0.08710317460317461,sector,0
automotive,hybrid,2025,vietnam,steps_2023,projected,1377.7777777777778,0.06145833333333334,sector,0
automotive,hybrid,2025,vietnam,steps_2023,target_steps,3412.1111111111113,0.08710317460317461,sector,0
automotive,hybrid,2026,vietnam,nze_2023,projected,1811.1111111111109,0.06736111111111112,sector,0.006390299852531538
automotive,hybrid,2026,vietnam,nze_2023,target_nze_global,5446.444444444444,0.10853781831171036,sector,0.028571428571428564
automotive,hybrid,2026,vietnam,pdp8_2023,projected,1811.1111111111109,0.06736111111111112,sector,0.006390299852531538
automotive,hybrid,2026,vietnam,pdp8_2023,target_pdp8_ndc,4090.222222222222,0.09295999688974435,sector,0.00952380952380952
automotive,hybrid,2026,vietnam,steps_2023,projected,1811.1111111111109,0.06736111111111112,sector,0.006390299852531538
automotive,hybrid,2026,vietnam,steps_2023,target_steps,4090.222222222222,0.09460988083721288,sector,0.00952380952380952
automotive,hybrid,2027,vietnam,nze_2023,projected,2244.4444444444443,0.07326388888888888,sector,0.012780599705063081
automotive,hybrid,2027,vietnam,nze_2023,target_nze_global,6802.666666666667,0.11921831123670988,sector,0.047619047619047616
automotive,hybrid,2027,vietnam,pdp8_2023,projected,2244.4444444444443,0.07326388888888888,sector,0.012780599705063081
automotive,hybrid,2027,vietnam,pdp8_2023,target_pdp8_ndc,5446.444444444444,0.1063157769391794,sector,0.028571428571428564
automotive,hybrid,2027,vietnam,steps_2023,projected,2244.4444444444443,0.07326388888888888,sector,0.012780599705063081
automotive,hybrid,2027,vietnam,steps_2023,target_steps,4090.222222222222,0.09274931366571852,sector,0.00952380952380952
automotive,hybrid,2028,vietnam,nze_2023,projected,2622.222222222222,0.07916666666666666,sector,0.018351630345731607
automotive,hybrid,2028,vietnam,nze_2023,target_nze_global,8158.888888888889,0.12889974774144908,sector,0.06666666666666665
automotive,hybrid,2028,vietnam,pdp8_2023,projected,2622.222222222222,0.07916666666666666,sector,0.018351630345731607
automotive,hybrid,2028,vietnam,pdp8_2023,target_pdp8_ndc,6802.666666666667,0.11799562292383774,sector,0.047619047619047616
automotive,hybrid,2028,vietnam,steps_2023,projected,2622.222222222222,0.07916666666666666,sector,0.018351630345731607
automotive,hybrid,2028,vietnam,steps_2023,target_steps,4768.333333333333,0.09868958562879473,sector,0.01904761904761904
automotive,hybrid,2029,vietnam,nze_2023,projected,3055.5555555555557,0.08506944444444446,sector,0.02474193019826315
automotive,hybrid,2029,vietnam,nze_2023,target_nze_global,8158.888888888889,0.1235674973368989,sector,0.06666666666666665
automotive,hybrid,2029,vietnam,pdp8_2023,projected,3055.5555555555557,0.08506944444444446,sector,0.02474193019826315
automotive,hybrid,2029,vietnam,pdp8_2023,target_pdp8_ndc,8158.888888888889,0.12898190823772349,sector,0.06666666666666665
automotive,hybrid,2029,vietnam,steps_2023,projected,3055.5555555555557,0.08506944444444446,sector,0.02474193019826315
automotive,hybrid,2029,vietnam,steps_2023,target_steps,5446.444444444444,0.10424169029041092,sector,0.028571428571428564
automotive,hybrid,2030,vietnam,nze_2023,projected,3866.6666666666665,0.09687499999999999,sector,0.036703260691463215
automotive,hybrid,2030,vietnam,nze_2023,target_nze_global,8158.888888888889,0.12014888032170402,sector,0.06666666666666665
automotive,hybrid,2030,vietnam,pdp8_2023,projected,3866.6666666666665,0.09687499999999999,sector,0.036703260691463215
automotive,hybrid,2030,vietnam,pdp8_2023,target_pdp8_ndc,9515.111111111111,0.139575744731951,sector,0.08571428571428572
automotive,hybrid,2030,vietnam,steps_2023,projected,3866.6666666666665,0.09687499999999999,sector,0.036703260691463215
automotive,hybrid,2030,vietnam,steps_2023,target_steps,6124.555555555556,0.10947717971955709,sector,0.03809523809523809
automotive,ice,2025,vietnam,nze_2023,projected,56433.333333333336,0.7163194444444445,technology,0
automotive,ice,2025,vietnam,nze_2023,target_nze_global,56433.333333333336,0.6822089947089948,technology,0
automotive,ice,2025,vietnam,pdp8_2023,projected,56433.333333333336,0.7163194444444445,technology,0
automotive,ice,2025,vietnam,pdp8_2023,target_pdp8_ndc,56433.333333333336,0.6822089947089948,technology,0
automotive,ice,2025,vietnam,steps_2023,projected,56433.333333333336,0.7163194444444445,technology,0
automotive,ice,2025,vietnam,steps_2023,target_steps,56433.333333333336,0.6822089947089948,technology,0
automotive,ice,2026,vietnam,nze_2023,projected,57533.333333333336,0.7104166666666667,technology,0.019492025989367986
automotive,ice,2026,vietnam,nze_2023,target_nze_global,53560.87666666666,0.6240065259288229,technology,-0.0509000000000001
automotive,ice,2026,vietnam,pdp8_2023,projected,57533.333333333336,0.7104166666666667,technology,0.019492025989367986
automotive,ice,2026,vietnam,pdp8_2023,target_pdp8_ndc,56670.35333333333,0.6574209744517949,technology,0.004199999999999943
automotive,ice,2026,vietnam,steps_2023,projected,57533.333333333336,0.7104166666666667,technology,0.019492025989367986
automotive,ice,2026,vietnam,steps_2023,target_steps,58543.94,0.6773393286200975,technology,0.037399999999999996
automotive,ice,2027,vietnam,nze_2023,projected,57977.77777777778,0.7045138888888889,technology,0.027367592045678298
automotive,ice,2027,vietnam,nze_2023,target_nze_global,48865.62333333334,0.555308004684288,technology,-0.13409999999999997
automotive,ice,2027,vietnam,pdp8_2023,projected,57977.77777777778,0.7045138888888889,technology,0.027367592045678298
automotive,ice,2027,vietnam,pdp8_2023,target_pdp8_ndc,55378.03,0.6212601118021711,technology,-0.018700000000000064
automotive,ice,2027,vietnam,steps_2023,projected,57977.77777777778,0.7045138888888889,technology,0.027367592045678298
automotive,ice,2027,vietnam,steps_2023,target_steps,60592.47,0.6728238450259507,technology,0.07369999999999997
automotive,ice,2028,vietnam,nze_2023,projected,58011.11111111111,0.6986111111111111,technology,0.027958259499901484
automotive,ice,2028,vietnam,nze_2023,target_nze_global,42770.823333333334,0.4763006526192214,technology,-0.24210000000000004
automotive,ice,2028,vietnam,pdp8_2023,projected,58011.11111111111,0.6986111111111111,technology,0.027958259499901484
automotive,ice,2028,vietnam,pdp8_2023,target_pdp8_ndc,53809.183333333334,0.5818447424579822,technology,-0.04650000000000002
automotive,ice,2028,vietnam,steps_2023,projected,58011.11111111111,0.6986111111111111,technology,0.027958259499901484
automotive,ice,2028,vietnam,steps_2023,target_steps,62776.44,0.6631987039881098,technology,0.1124
automotive,ice,2029,vietnam,nze_2023,projected,57366.666666666664,0.6927083333333334,technology,0.016538688718251537
automotive,ice,2029,vietnam,nze_2023,target_nze_global,36410.78666666667,0.4025822714734991,technology,-0.3548
automotive,ice,2029,vietnam,pdp8_2023,projected,57366.666666666664,0.6927083333333334,technology,0.016538688718251537
automotive,ice,2029,vietnam,pdp8_2023,target_pdp8_ndc,50970.58666666666,0.5373713817217001,technology,-0.09680000000000011
automotive,ice,2029,vietnam,steps_2023,projected,57366.666666666664,0.6927083333333334,technology,0.016538688718251537
automotive,ice,2029,vietnam,steps_2023,target_steps,64808.04000000001,0.6543217851330433,technology,0.1484000000000001
automotive,ice,2030,vietnam,nze_2023,projected,55688.88888888889,0.6809027777777777,technology,-0.013191573144319763
automotive,ice,2030,vietnam,nze_2023,target_nze_global,30660.23,0.3393253172568313,technology,-0.45670000000000005
automotive,ice,2030,vietnam,pdp8_2023,projected,55688.88888888889,0.6809027777777777,technology,-0.013191573144319763
automotive,ice,2030,vietnam,pdp8_2023,target_pdp8_ndc,45987.52333333333,0.4798930876945332,technology,-0.18510000000000007
automotive,ice,2030,vietnam,steps_2023,projected,55688.88888888889,0.6809027777777777,technology,-0.013191573144319763
automotive,ice,2030,vietnam,steps_2023,target_steps,66687.27,0.6460431501659983,technology,0.18170000000000003
power,coalcap,2025,vietnam,nze_2023,projected,4945.402663284718,0.40985660957800596,technology,0
power,coalcap,2025,vietnam,nze_2023,target_nze_global,4945.402663284718,0.2696425063013197,technology,0
power,coalcap,2025,vietnam,pdp8_2023,projected,4945.402663284718,0.40985660957800596,technology,0
power,coalcap,2025,vietnam,pdp8_2023,target_pdp8_ndc,4945.402663284718,0.2696425063013197,technology,0
power,coalcap,2025,vietnam,steps_2023,projected,4945.402663284718,0.40985660957800596,technology,0
power,coalcap,2025,vietnam,steps_2023,target_steps,4945.402663284718,0.2696425063013197,technology,0
power,coalcap,2026,vietnam,nze_2023,projected,4944.24857324033,0.40792204909991536,technology,-2.333662439574421e-4
power,coalcap,2026,vietnam,nze_2023,target_nze_global,4450.862396956246,0.2501834541798564,technology,-0.10000000000000007
power,coalcap,2026,vietnam,pdp8_2023,projected,4944.24857324033,0.40792204909991536,technology,-2.333662439574421e-4
power,coalcap,2026,vietnam,pdp8_2023,target_pdp8_ndc,4945.402663284718,0.2662312698318542,technology,0
power,coalcap,2026,vietnam,steps_2023,projected,4944.24857324033,0.40792204909991536,technology,-2.333662439574421e-4
power,coalcap,2026,vietnam,steps_2023,target_steps,5044.3107165504125,0.2717125561322116,technology,0.020000000000000014
power,coalcap,2027,vietnam,nze_2023,projected,4759.575142675967,0.3837160272588036,technology,-0.03757581197348348
power,coalcap,2027,vietnam,nze_2023,target_nze_global,3807.960050729233,0.2200441311187848,technology,-0.22999999999999998
power,coalcap,2027,vietnam,pdp8_2023,projected,4759.575142675967,0.3837160272588036,technology,-0.03757581197348348
power,coalcap,2027,vietnam,pdp8_2023,target_pdp8_ndc,4797.040583386177,0.2583066907505781,technology,-0.02999999999999993
power,coalcap,2027,vietnam,steps_2023,projected,4759.575142675967,0.3837160272588036,technology,-0.03757581197348348
power,coalcap,2027,vietnam,steps_2023,target_steps,5093.76474318326,0.27063888786857265,technology,0.030000000000000113
power,coalcap,2028,vietnam,nze_2023,projected,4683.512999365885,0.37997547935821924,technology,-0.05295618612881305
power,coalcap,2028,vietnam,nze_2023,target_nze_global,2967.2415979708308,0.18006929092184853,technology,-0.4
power,coalcap,2028,vietnam,pdp8_2023,projected,4683.512999365885,0.37997547935821924,technology,-0.05295618612881305
power,coalcap,2028,vietnam,pdp8_2023,target_pdp8_ndc,4648.678503487635,0.25199852360623487,technology,-0.060000000000000046
power,coalcap,2028,vietnam,steps_2023,projected,4683.512999365885,0.37997547935821924,technology,-0.05295618612881305
power,coalcap,2028,vietnam,steps_2023,target_steps,5143.218769816106,0.2696054889952567,technology,0.03999999999999985
power,coalcap,2029,vietnam,nze_2023,projected,4571.43944197844,0.3760942100570463,technology,-0.07561835643488185
power,coalcap,2029,vietnam,nze_2023,target_nze_global,2175.9771718452757,0.1396238114526562,technology,-0.56
power,coalcap,2029,vietnam,pdp8_2023,projected,4571.43944197844,0.3760942100570463,technology,-0.07561835643488185
power,coalcap,2029,vietnam,pdp8_2023,target_pdp8_ndc,4450.862396956246,0.24421988934817468,technology,-0.10000000000000007
power,coalcap,2029,vietnam,steps_2023,projected,4571.43944197844,0.3760942100570463,technology,-0.07561835643488185
power,coalcap,2029,vietnam,steps_2023,target_steps,5143.218769816106,0.2689585001666009,technology,0.03999999999999985
power,coalcap,2030,vietnam,nze_2023,projected,4385.034876347496,0.3697729048835994,technology,-0.11331085153034395
power,coalcap,2030,vietnam,nze_2023,target_nze_global,1384.7127457197214,0.09456934029157223,technology,-0.72
power,coalcap,2030,vietnam,pdp8_2023,projected,4385.034876347496,0.3697729048835994,technology,-0.11331085153034395
power,coalcap,2030,vietnam,pdp8_2023,target_pdp8_ndc,4302.500317057705,0.23603824199701828,technology,-0.13
power,coalcap,2030,vietnam,steps_2023,projected,4385.034876347496,0.3697729048835994,technology,-0.11331085153034395
power,coalcap,2030,vietnam,steps_2023,target_steps,5192.672796448954,0.2679846474473081,technology,0.04999999999999995
power,gascap,2025,vietnam,nze_2023,projected,1222.6379201014583,0.17301314437533816,technology,0
power,gascap,2025,vietnam,nze_2023,target_nze_global,1222.6379201014583,0.11382443708903828,technology,0
power,gascap,2025,vietnam,pdp8_2023,projected,1222.6379201014583,0.17301314437533816,technology,0
power,gascap,2025,vietnam,pdp8_2023,target_pdp8_ndc,1222.6379201014583,0.11382443708903828,technology,0
power,gascap,2025,vietnam,steps_2023,projected,1222.6379201014583,0.17301314437533816,technology,0
power,gascap,2025,vietnam,steps_2023,target_steps,1222.6379201014583,0.11382443708903828,technology,0
power,gascap,2026,vietnam,nze_2023,projected,1278.0849714648066,0.17451140989311628,technology,0.04535034489912358
power,gascap,2026,vietnam,nze_2023,target_nze_global,1344.9017121116044,0.11935111957401387,technology,0.10000000000000019
power,gascap,2026,vietnam,pdp8_2023,projected,1278.0849714648066,0.17451140989311628,technology,0.04535034489912358
power,gascap,2026,vietnam,pdp8_2023,target_pdp8_ndc,1369.3544705136337,0.11965012665086182,technology,0.1200000000000003
power,gascap,2026,vietnam,steps_2023,projected,1278.0849714648066,0.17451140989311628,technology,0.04535034489912358
power,gascap,2026,vietnam,steps_2023,target_steps,1283.7698161065314,0.11634662119124015,technology,0.05000000000000009
power,gascap,2027,vietnam,nze_2023,projected,1414.9524413443246,0.2132356048785439,technology,0.15729474612312644
power,gascap,2027,vietnam,nze_2023,target_nze_global,1467.16550412175,0.12284321315488726,technology,0.2
power,gascap,2027,vietnam,pdp8_2023,projected,1414.9524413443246,0.2132356048785439,technology,0.15729474612312644
power,gascap,2027,vietnam,pdp8_2023,target_pdp8_ndc,1564.9765377298668,0.1272591473030279,technology,0.2800000000000001
power,gascap,2027,vietnam,steps_2023,projected,1414.9524413443246,0.2132356048785439,technology,0.15729474612312644
power,gascap,2027,vietnam,steps_2023,target_steps,1344.9017121116044,0.11815900689077932,technology,0.10000000000000019
power,gascap,2028,vietnam,nze_2023,projected,1530.6024096385543,0.2152952278128791,technology,0.2518852756599763
power,gascap,2028,vietnam,nze_2023,target_nze_global,1491.6182625237793,0.12220410506100274,technology,0.2200000000000001
power,gascap,2028,vietnam,pdp8_2023,projected,1530.6024096385543,0.2152952278128791,technology,0.2518852756599763
power,gascap,2028,vietnam,pdp8_2023,target_pdp8_ndc,1785.0513633481294,0.13567865562534256,technology,0.46000000000000013
power,gascap,2028,vietnam,steps_2023,projected,1530.6024096385543,0.2152952278128791,technology,0.2518852756599763
power,gascap,2028,vietnam,steps_2023,target_steps,1406.033608116677,0.11987821464765971,technology,0.1499999999999999
power,gascap,2029,vietnam,nze_2023,projected,1605.1109701965759,0.2168193396776961,technology,0.3128260982314197
power,gascap,2029,vietnam,nze_2023,target_nze_global,1516.0710209258086,0.12224491643171868,technology,0.2400000000000002
power,gascap,2029,vietnam,pdp8_2023,projected,1605.1109701965759,0.2168193396776961,technology,0.3128260982314197
power,gascap,2029,vietnam,pdp8_2023,target_pdp8_ndc,2017.3525681674064,0.14389506781136213,technology,0.6500000000000001
power,gascap,2029,vietnam,steps_2023,projected,1605.1109701965759,0.2168193396776961,technology,0.3128260982314197
power,gascap,2029,vietnam,steps_2023,target_steps,1467.16550412175,0.12237516876930508,technology,0.2
power,gascap,2030,vietnam,nze_2023,projected,1708.6873811033606,0.21882404584839038,technology,0.39754162128520304
power,gascap,2030,vietnam,nze_2023,target_nze_global,1528.297400126823,0.12188961664695193,technology,0.2500000000000001
power,gascap,2030,vietnam,pdp8_2023,projected,1708.6873811033606,0.21882404584839038,technology,0.39754162128520304
power,gascap,2030,vietnam,pdp8_2023,target_pdp8_ndc,2298.559289790742,0.15192084456881066,technology,0.8800000000000001
power,gascap,2030,vietnam,steps_2023,projected,1708.6873811033606,0.21882404584839038,technology,0.39754162128520304
power,gascap,2030,vietnam,steps_2023,target_steps,1528.297400126823,0.12391993730821928,technology,0.2500000000000001
power,hydrocap,2025,vietnam,nze_2023,projected,3003.0437539632217,0.20175582590086397,sector,0
power,hydrocap,2025,vietnam,nze_2023,target_nze_global,5422.209384908053,0.30378672756635783,sector,0
power,hydrocap,2025,vietnam,pdp8_2023,projected,3003.0437539632217,0.20175582590086397,sector,0
power,hydrocap,2025,vietnam,pdp8_2023,target_pdp8_ndc,5422.209384908053,0.30378672756635783,sector,0
power,hydrocap,2025,vietnam,steps_2023,projected,3003.0437539632217,0.20175582590086397,sector,0
power,hydrocap,2025,vietnam,steps_2023,target_steps,5422.209384908053,0.30378672756635783,sector,0
power,hydrocap,2026,vietnam,nze_2023,projected,3022.580849714648,0.20219212086117652,sector,0.0020997507696019027
power,hydrocap,2026,vietnam,nze_2023,target_nze_global,5236.11972098922,0.2925051417755992,sector,-0.0131578947368421
power,hydrocap,2026,vietnam,pdp8_2023,projected,3022.580849714648,0.20219212086117652,sector,0.0020997507696019027
power,hydrocap,2026,vietnam,pdp8_2023,target_pdp8_ndc,5329.164552948637,0.29269055361776364,sector,-0.006578947368421017
power,hydrocap,2026,vietnam,steps_2023,projected,3022.580849714648,0.20219212086117652,sector,0.0020997507696019027
power,hydrocap,2026,vietnam,steps_2023,target_steps,5329.164552948637,0.2945460484805987,sector,-0.006578947368421017
power,hydrocap,2027,vietnam,nze_2023,projected,3042.739378566899,0.1969608599362099,sector,0.004266290106364162
power,hydrocap,2027,vietnam,nze_2023,target_nze_global,5050.030057070387,0.278421931367513,sector,-0.0263157894736842
power,hydrocap,2027,vietnam,pdp8_2023,projected,3042.739378566899,0.1969608599362099,sector,0.004266290106364162
power,hydrocap,2027,vietnam,pdp8_2023,target_pdp8_ndc,5236.11972098922,0.28364214985463804,sector,-0.0131578947368421
power,hydrocap,2027,vietnam,steps_2023,projected,3042.739378566899,0.1969608599362099,sector,0.004266290106364162
power,hydrocap,2027,vietnam,steps_2023,target_steps,5329.164552948637,0.29083636390810697,sector,-0.006578947368421017
power,hydrocap,2028,vietnam,nze_2023,projected,3064.140773620799,0.198641784902459,sector,0.006566406577447086
power,hydrocap,2028,vietnam,nze_2023,target_nze_global,4956.9852251109705,0.27439414891571146,sector,-0.03289473684210521
power,hydrocap,2028,vietnam,pdp8_2023,projected,3064.140773620799,0.198641784902459,sector,0.006566406577447086
power,hydrocap,2028,vietnam,pdp8_2023,target_pdp8_ndc,5143.074889029804,0.2765378387289522,sector,-0.019736842105263115
power,hydrocap,2028,vietnam,steps_2023,projected,3064.140773620799,0.198641784902459,sector,0.006566406577447086
power,hydrocap,2028,vietnam,steps_2023,target_steps,5329.164552948637,0.28724827153380345,sector,-0.006578947368421017
power,hydrocap,2029,vietnam,nze_2023,projected,3085.542168674699,0.20099894233881496,sector,0.00886652304853006
power,hydrocap,2029,vietnam,nze_2023,target_nze_global,4863.940393151554,0.2720161054558102,sector,-0.03947368421052623
power,hydrocap,2029,vietnam,pdp8_2023,projected,3085.542168674699,0.20099894233881496,sector,0.00886652304853006
power,hydrocap,2029,vietnam,pdp8_2023,target_pdp8_ndc,5050.030057070387,0.2703796567808202,sector,-0.0263157894736842
power,hydrocap,2029,vietnam,steps_2023,projected,3085.542168674699,0.20099894233881496,sector,0.00886652304853006
power,hydrocap,2029,vietnam,steps_2023,target_steps,5236.11972098922,0.27999601002661867,sector,-0.0131578947368421
power,hydrocap,2030,vietnam,nze_2023,projected,3125.2377932783766,0.20531554134156765,sector,0.013132813154894223
power,hydrocap,2030,vietnam,nze_2023,target_nze_global,4770.895561192137,0.27045382414650593,sector,-0.04605263157894731
power,hydrocap,2030,vietnam,pdp8_2023,projected,3125.2377932783766,0.20531554134156765,sector,0.013132813154894223
power,hydrocap,2030,vietnam,pdp8_2023,target_pdp8_ndc,4956.9852251109705,0.26159690873911906,sector,-0.03289473684210521
power,hydrocap,2030,vietnam,steps_2023,projected,3125.2377932783766,0.20531554134156765,sector,0.013132813154894223
power,hydrocap,2030,vietnam,steps_2023,target_steps,5236.11972098922,0.276653208670658,sector,-0.0131578947368421
power,renewablescap,2025,vietnam,nze_2023,projected,133.3988585922638,0.21537442014579192,sector,0
power,renewablescap,2025,vietnam,nze_2023,target_nze_global,2552.564489537096,0.31274632904328414,sector,0
power,renewablescap,2025,vietnam,pdp8_2023,projected,133.3988585922638,0.21537442014579192,sector,0
power,renewablescap,2025,vietnam,pdp8_2023,target_pdp8_ndc,2552.564489537096,0.31274632904328414,sector,0
power,renewablescap,2025,vietnam,steps_2023,projected,133.3988585922638,0.21537442014579192,sector,0
power,renewablescap,2025,vietnam,steps_2023,target_steps,2552.564489537096,0.31274632904328414,sector,0
power,renewablescap,2026,vietnam,nze_2023,projected,159.28979074191503,0.21537442014579192,sector,0.0027826297930167777
power,renewablescap,2026,vietnam,nze_2023,target_nze_global,2924.7438173747623,0.33796028447053056,sector,0.0263157894736842
power,renewablescap,2026,vietnam,pdp8_2023,projected,159.28979074191503,0.21537442014579192,sector,0.0027826297930167777
power,renewablescap,2026,vietnam,pdp8_2023,target_pdp8_ndc,2738.654153455929,0.32142804989952034,sector,0.0131578947368421
power,renewablescap,2026,vietnam,steps_2023,projected,159.28979074191503,0.21537442014579192,sector,0.0027826297930167777
power,renewablescap,2026,vietnam,steps_2023,target_steps,2645.6093214965126,0.3173947741959495,sector,0.00657894736842105
power,renewablescap,2027,vietnam,nze_2023,projected,182.42232086239693,0.20608750792644262,sector,0.005268800129760641
power,renewablescap,2027,vietnam,nze_2023,target_nze_global,3576.0576410906783,0.3786907243588149,sector,0.07236842105263154
power,renewablescap,2027,vietnam,pdp8_2023,projected,182.42232086239693,0.20608750792644262,sector,0.005268800129760641
power,renewablescap,2027,vietnam,pdp8_2023,target_pdp8_ndc,2924.7438173747623,0.3307920120917559,sector,0.0263157894736842
power,renewablescap,2027,vietnam,steps_2023,projected,182.42232086239693,0.20608750792644262,sector,0.005268800129760641
power,renewablescap,2027,vietnam,steps_2023,target_steps,2738.654153455929,0.3203657413325411,sector,0.0131578947368421
power,renewablescap,2028,vietnam,nze_2023,projected,207.7552314521243,0.20608750792644262,sector,0.007991456515531408
power,renewablescap,2028,vietnam,nze_2023,target_nze_global,4227.371464806594,0.42333245510143724,sector,0.11842105263157889
power,renewablescap,2028,vietnam,pdp8_2023,projected,207.7552314521243,0.20608750792644262,sector,0.007991456515531408
power,renewablescap,2028,vietnam,pdp8_2023,target_pdp8_ndc,3017.788649334179,0.33578498203947027,sector,0.03289473684210525
power,renewablescap,2028,vietnam,steps_2023,projected,207.7552314521243,0.20608750792644262,sector,0.007991456515531408
power,renewablescap,2028,vietnam,steps_2023,target_steps,2831.6989854153453,0.32326802482328015,sector,0.019736842105263115
power,renewablescap,2029,vietnam,nze_2023,projected,232.86620164870007,0.20608750792644262,sector,0.010690259841602053
power,renewablescap,2029,vietnam,nze_2023,target_nze_global,4785.640456563095,0.46611516665981495,sector,0.15789473684210525
power,renewablescap,2029,vietnam,pdp8_2023,projected,232.86620164870007,0.20608750792644262,sector,0.010690259841602053
power,renewablescap,2029,vietnam,pdp8_2023,target_pdp8_ndc,3110.8334812935955,0.34150538605964303,sector,0.03947368421052629
power,renewablescap,2029,vietnam,steps_2023,projected,232.86620164870007,0.20608750792644262,sector,0.010690259841602053
power,renewablescap,2029,vietnam,steps_2023,target_steps,2924.7438173747623,0.32867032103747534,sector,0.0263157894736842
power,renewablescap,2030,vietnam,nze_2023,projected,255.42168674698794,0.20608750792644262,sector,0.013114412223125607
power,renewablescap,2030,vietnam,nze_2023,target_nze_global,5343.909448319595,0.5130872189149699,sector,0.1973684210526316
power,renewablescap,2030,vietnam,pdp8_2023,projected,255.42168674698794,0.20608750792644262,sector,0.013114412223125607
power,renewablescap,2030,vietnam,pdp8_2023,target_pdp8_ndc,3296.923145212429,0.35044400469505194,sector,0.052631578947368425
power,renewablescap,2030,vietnam,steps_2023,projected,255.42168674698794,0.20608750792644262,sector,0.013114412223125607
power,renewablescap,2030,vietnam,steps_2023,target_steps,3017.788649334179,0.33144220657381457,sector,0.03289473684210525
automotive,electric,2025,asia_pacific,nze_2023,corporate_economy,45000,0.13157894736842105,sector,0
automotive,electric,2025,asia_pacific,pdp8_2023,corporate_economy,45000,0.13157894736842105,sector,0
automotive,electric,2025,asia_pacific,steps_2023,corporate_economy,45000,0.13157894736842105,sector,0
automotive,electric,2025,global,nze_2023,corporate_economy,45000,0.13157894736842105,sector,0
automotive,electric,2025,global,pdp8_2023,corporate_economy,45000,0.13157894736842105,sector,0
automotive,electric,2025,global,steps_2023,corporate_economy,45000,0.13157894736842105,sector,0
automotive,electric,2025,vietnam,nze_2023,corporate_economy,45000,0.13157894736842105,sector,0
automotive,electric,2025,vietnam,pdp8_2023,corporate_economy,45000,0.13157894736842105,sector,0
automotive,electric,2025,vietnam,steps_2023,corporate_economy,45000,0.13157894736842105,sector,0
automotive,electric,2026,asia_pacific,nze_2023,corporate_economy,70000,0.18716577540106952,sector,0.07309941520467836
automotive,electric,2026,asia_pacific,pdp8_2023,corporate_economy,70000,0.18716577540106952,sector,0.07309941520467836
automotive,electric,2026,asia_pacific,steps_2023,corporate_economy,70000,0.18716577540106952,sector,0.07309941520467836
automotive,electric,2026,global,nze_2023,corporate_economy,70000,0.18716577540106952,sector,0.07309941520467836
automotive,electric,2026,global,pdp8_2023,corporate_economy,70000,0.18716577540106952,sector,0.07309941520467836
automotive,electric,2026,global,steps_2023,corporate_economy,70000,0.18716577540106952,sector,0.07309941520467836
automotive,electric,2026,vietnam,nze_2023,corporate_economy,70000,0.18716577540106952,sector,0.07309941520467836
automotive,electric,2026,vietnam,pdp8_2023,corporate_economy,70000,0.18716577540106952,sector,0.07309941520467836
automotive,electric,2026,vietnam,steps_2023,corporate_economy,70000,0.18716577540106952,sector,0.07309941520467836
automotive,electric,2027,asia_pacific,nze_2023,corporate_economy,100000,0.24509803921568626,sector,0.1608187134502924
automotive,electric,2027,asia_pacific,pdp8_2023,corporate_economy,100000,0.24509803921568626,sector,0.1608187134502924
automotive,electric,2027,asia_pacific,steps_2023,corporate_economy,100000,0.24509803921568626,sector,0.1608187134502924
automotive,electric,2027,global,nze_2023,corporate_economy,100000,0.24509803921568626,sector,0.1608187134502924
automotive,electric,2027,global,pdp8_2023,corporate_economy,100000,0.24509803921568626,sector,0.1608187134502924
automotive,electric,2027,global,steps_2023,corporate_economy,100000,0.24509803921568626,sector,0.1608187134502924
automotive,electric,2027,vietnam,nze_2023,corporate_economy,100000,0.24509803921568626,sector,0.1608187134502924
automotive,electric,2027,vietnam,pdp8_2023,corporate_economy,100000,0.24509803921568626,sector,0.1608187134502924
automotive,electric,2027,vietnam,steps_2023,corporate_economy,100000,0.24509803921568626,sector,0.1608187134502924
automotive,electric,2028,asia_pacific,nze_2023,corporate_economy,130000,0.296127562642369,sector,0.24853801169590642
automotive,electric,2028,asia_pacific,pdp8_2023,corporate_economy,130000,0.296127562642369,sector,0.24853801169590642
automotive,electric,2028,asia_pacific,steps_2023,corporate_economy,130000,0.296127562642369,sector,0.24853801169590642
automotive,electric,2028,global,nze_2023,corporate_economy,130000,0.296127562642369,sector,0.24853801169590642
automotive,electric,2028,global,pdp8_2023,corporate_economy,130000,0.296127562642369,sector,0.24853801169590642
automotive,electric,2028,global,steps_2023,corporate_economy,130000,0.296127562642369,sector,0.24853801169590642
automotive,electric,2028,vietnam,nze_2023,corporate_economy,130000,0.296127562642369,sector,0.24853801169590642
automotive,electric,2028,vietnam,pdp8_2023,corporate_economy,130000,0.296127562642369,sector,0.24853801169590642
automotive,electric,2028,vietnam,steps_2023,corporate_economy,130000,0.296127562642369,sector,0.24853801169590642
automotive,electric,2029,asia_pacific,nze_2023,corporate_economy,160000,0.3418803418803419,sector,0.3362573099415205
automotive,electric,2029,asia_pacific,pdp8_2023,corporate_economy,160000,0.3418803418803419,sector,0.3362573099415205
automotive,electric,2029,asia_pacific,steps_2023,corporate_economy,160000,0.3418803418803419,sector,0.3362573099415205
automotive,electric,2029,global,nze_2023,corporate_economy,160000,0.3418803418803419,sector,0.3362573099415205
automotive,electric,2029,global,pdp8_2023,corporate_economy,160000,0.3418803418803419,sector,0.3362573099415205
automotive,electric,2029,global,steps_2023,corporate_economy,160000,0.3418803418803419,sector,0.3362573099415205
automotive,electric,2029,vietnam,nze_2023,corporate_economy,160000,0.3418803418803419,sector,0.3362573099415205
automotive,electric,2029,vietnam,pdp8_2023,corporate_economy,160000,0.3418803418803419,sector,0.3362573099415205
automotive,electric,2029,vietnam,steps_2023,corporate_economy,160000,0.3418803418803419,sector,0.3362573099415205
automotive,electric,2030,asia_pacific,nze_2023,corporate_economy,200000,0.3968253968253968,sector,0.45321637426900585
automotive,electric,2030,asia_pacific,pdp8_2023,corporate_economy,200000,0.3968253968253968,sector,0.45321637426900585
automotive,electric,2030,asia_pacific,steps_2023,corporate_economy,200000,0.3968253968253968,sector,0.45321637426900585
automotive,electric,2030,global,nze_2023,corporate_economy,200000,0.3968253968253968,sector,0.45321637426900585
automotive,electric,2030,global,pdp8_2023,corporate_economy,200000,0.3968253968253968,sector,0.45321637426900585
automotive,electric,2030,global,steps_2023,corporate_economy,200000,0.3968253968253968,sector,0.45321637426900585
automotive,electric,2030,vietnam,nze_2023,corporate_economy,200000,0.3968253968253968,sector,0.45321637426900585
automotive,electric,2030,vietnam,pdp8_2023,corporate_economy,200000,0.3968253968253968,sector,0.45321637426900585
automotive,electric,2030,vietnam,steps_2023,corporate_economy,200000,0.3968253968253968,sector,0.45321637426900585
automotive,hybrid,2025,asia_pacific,nze_2023,corporate_economy,20000,0.05847953216374269,sector,0
automotive,hybrid,2025,asia_pacific,pdp8_2023,corporate_economy,20000,0.05847953216374269,sector,0
automotive,hybrid,2025,asia_pacific,steps_2023,corporate_economy,20000,0.05847953216374269,sector,0
automotive,hybrid,2025,global,nze_2023,corporate_economy,20000,0.05847953216374269,sector,0
automotive,hybrid,2025,global,pdp8_2023,corporate_economy,20000,0.05847953216374269,sector,0
automotive,hybrid,2025,global,steps_2023,corporate_economy,20000,0.05847953216374269,sector,0
automotive,hybrid,2025,vietnam,nze_2023,corporate_economy,20000,0.05847953216374269,sector,0
automotive,hybrid,2025,vietnam,pdp8_2023,corporate_economy,20000,0.05847953216374269,sector,0
automotive,hybrid,2025,vietnam,steps_2023,corporate_economy,20000,0.05847953216374269,sector,0
automotive,hybrid,2026,asia_pacific,nze_2023,corporate_economy,23000,0.06149732620320856,sector,0.008771929824561403
automotive,hybrid,2026,asia_pacific,pdp8_2023,corporate_economy,23000,0.06149732620320856,sector,0.008771929824561403
automotive,hybrid,2026,asia_pacific,steps_2023,corporate_economy,23000,0.06149732620320856,sector,0.008771929824561403
automotive,hybrid,2026,global,nze_2023,corporate_economy,23000,0.06149732620320856,sector,0.008771929824561403
automotive,hybrid,2026,global,pdp8_2023,corporate_economy,23000,0.06149732620320856,sector,0.008771929824561403
automotive,hybrid,2026,global,steps_2023,corporate_economy,23000,0.06149732620320856,sector,0.008771929824561403
automotive,hybrid,2026,vietnam,nze_2023,corporate_economy,23000,0.06149732620320856,sector,0.008771929824561403
automotive,hybrid,2026,vietnam,pdp8_2023,corporate_economy,23000,0.06149732620320856,sector,0.008771929824561403
automotive,hybrid,2026,vietnam,steps_2023,corporate_economy,23000,0.06149732620320856,sector,0.008771929824561403
automotive,hybrid,2027,asia_pacific,nze_2023,corporate_economy,26000,0.06372549019607843,sector,0.017543859649122806
automotive,hybrid,2027,asia_pacific,pdp8_2023,corporate_economy,26000,0.06372549019607843,sector,0.017543859649122806
automotive,hybrid,2027,asia_pacific,steps_2023,corporate_economy,26000,0.06372549019607843,sector,0.017543859649122806
automotive,hybrid,2027,global,nze_2023,corporate_economy,26000,0.06372549019607843,sector,0.017543859649122806
automotive,hybrid,2027,global,pdp8_2023,corporate_economy,26000,0.06372549019607843,sector,0.017543859649122806
automotive,hybrid,2027,global,steps_2023,corporate_economy,26000,0.06372549019607843,sector,0.017543859649122806
automotive,hybrid,2027,vietnam,nze_2023,corporate_economy,26000,0.06372549019607843,sector,0.017543859649122806
automotive,hybrid,2027,vietnam,pdp8_2023,corporate_economy,26000,0.06372549019607843,sector,0.017543859649122806
automotive,hybrid,2027,vietnam,steps_2023,corporate_economy,26000,0.06372549019607843,sector,0.017543859649122806
automotive,hybrid,2028,asia_pacific,nze_2023,corporate_economy,28000,0.06378132118451026,sector,0.023391812865497075
automotive,hybrid,2028,asia_pacific,pdp8_2023,corporate_economy,28000,0.06378132118451026,sector,0.023391812865497075
automotive,hybrid,2028,asia_pacific,steps_2023,corporate_economy,28000,0.06378132118451026,sector,0.023391812865497075
automotive,hybrid,2028,global,nze_2023,corporate_economy,28000,0.06378132118451026,sector,0.023391812865497075
automotive,hybrid,2028,global,pdp8_2023,corporate_economy,28000,0.06378132118451026,sector,0.023391812865497075
automotive,hybrid,2028,global,steps_2023,corporate_economy,28000,0.06378132118451026,sector,0.023391812865497075
automotive,hybrid,2028,vietnam,nze_2023,corporate_economy,28000,0.06378132118451026,sector,0.023391812865497075
automotive,hybrid,2028,vietnam,pdp8_2023,corporate_economy,28000,0.06378132118451026,sector,0.023391812865497075
automotive,hybrid,2028,vietnam,steps_2023,corporate_economy,28000,0.06378132118451026,sector,0.023391812865497075
automotive,hybrid,2029,asia_pacific,nze_2023,corporate_economy,31000,0.06623931623931624,sector,0.03216374269005848
automotive,hybrid,2029,asia_pacific,pdp8_2023,corporate_economy,31000,0.06623931623931624,sector,0.03216374269005848
automotive,hybrid,2029,asia_pacific,steps_2023,corporate_economy,31000,0.06623931623931624,sector,0.03216374269005848
automotive,hybrid,2029,global,nze_2023,corporate_economy,31000,0.06623931623931624,sector,0.03216374269005848
automotive,hybrid,2029,global,pdp8_2023,corporate_economy,31000,0.06623931623931624,sector,0.03216374269005848
automotive,hybrid,2029,global,steps_2023,corporate_economy,31000,0.06623931623931624,sector,0.03216374269005848
automotive,hybrid,2029,vietnam,nze_2023,corporate_economy,31000,0.06623931623931624,sector,0.03216374269005848
automotive,hybrid,2029,vietnam,pdp8_2023,corporate_economy,31000,0.06623931623931624,sector,0.03216374269005848
automotive,hybrid,2029,vietnam,steps_2023,corporate_economy,31000,0.06623931623931624,sector,0.03216374269005848
automotive,hybrid,2030,asia_pacific,nze_2023,corporate_economy,36000,0.07142857142857142,sector,0.04678362573099415
automotive,hybrid,2030,asia_pacific,pdp8_2023,corporate_economy,36000,0.07142857142857142,sector,0.04678362573099415
automotive,hybrid,2030,asia_pacific,steps_2023,corporate_economy,36000,0.07142857142857142,sector,0.04678362573099415
automotive,hybrid,2030,global,nze_2023,corporate_economy,36000,0.07142857142857142,sector,0.04678362573099415
automotive,hybrid,2030,global,pdp8_2023,corporate_economy,36000,0.07142857142857142,sector,0.04678362573099415
automotive,hybrid,2030,global,steps_2023,corporate_economy,36000,0.07142857142857142,sector,0.04678362573099415
automotive,hybrid,2030,vietnam,nze_2023,corporate_economy,36000,0.07142857142857142,sector,0.04678362573099415
automotive,hybrid,2030,vietnam,pdp8_2023,corporate_economy,36000,0.07142857142857142,sector,0.04678362573099415
automotive,hybrid,2030,vietnam,steps_2023,corporate_economy,36000,0.07142857142857142,sector,0.04678362573099415
automotive,ice,2025,asia_pacific,nze_2023,corporate_economy,277000,0.8099415204678363,technology,0
automotive,ice,2025,asia_pacific,pdp8_2023,corporate_economy,277000,0.8099415204678363,technology,0
automotive,ice,2025,asia_pacific,steps_2023,corporate_economy,277000,0.8099415204678363,technology,0
automotive,ice,2025,global,nze_2023,corporate_economy,277000,0.8099415204678363,technology,0
automotive,ice,2025,global,pdp8_2023,corporate_economy,277000,0.8099415204678363,technology,0
automotive,ice,2025,global,steps_2023,corporate_economy,277000,0.8099415204678363,technology,0
automotive,ice,2025,vietnam,nze_2023,corporate_economy,277000,0.8099415204678363,technology,0
automotive,ice,2025,vietnam,pdp8_2023,corporate_economy,277000,0.8099415204678363,technology,0
automotive,ice,2025,vietnam,steps_2023,corporate_economy,277000,0.8099415204678363,technology,0
automotive,ice,2026,asia_pacific,nze_2023,corporate_economy,281000,0.7513368983957219,technology,0.01444043321299639
automotive,ice,2026,asia_pacific,pdp8_2023,corporate_economy,281000,0.7513368983957219,technology,0.01444043321299639
automotive,ice,2026,asia_pacific,steps_2023,corporate_economy,281000,0.7513368983957219,technology,0.01444043321299639
automotive,ice,2026,global,nze_2023,corporate_economy,281000,0.7513368983957219,technology,0.01444043321299639
automotive,ice,2026,global,pdp8_2023,corporate_economy,281000,0.7513368983957219,technology,0.01444043321299639
automotive,ice,2026,global,steps_2023,corporate_economy,281000,0.7513368983957219,technology,0.01444043321299639
automotive,ice,2026,vietnam,nze_2023,corporate_economy,281000,0.7513368983957219,technology,0.01444043321299639
automotive,ice,2026,vietnam,pdp8_2023,corporate_economy,281000,0.7513368983957219,technology,0.01444043321299639
automotive,ice,2026,vietnam,steps_2023,corporate_economy,281000,0.7513368983957219,technology,0.01444043321299639
automotive,ice,2027,asia_pacific,nze_2023,corporate_economy,282000,0.6911764705882353,technology,0.018050541516245487
automotive,ice,2027,asia_pacific,pdp8_2023,corporate_economy,282000,0.6911764705882353,technology,0.018050541516245487
automotive,ice,2027,asia_pacific,steps_2023,corporate_economy,282000,0.6911764705882353,technology,0.018050541516245487
automotive,ice,2027,global,nze_2023,corporate_economy,282000,0.6911764705882353,technology,0.018050541516245487
automotive,ice,2027,global,pdp8_2023,corporate_economy,282000,0.6911764705882353,technology,0.018050541516245487
automotive,ice,2027,global,steps_2023,corporate_economy,282000,0.6911764705882353,technology,0.018050541516245487
automotive,ice,2027,vietnam,nze_2023,corporate_economy,282000,0.6911764705882353,technology,0.018050541516245487
automotive,ice,2027,vietnam,pdp8_2023,corporate_economy,282000,0.6911764705882353,technology,0.018050541516245487
automotive,ice,2027,vietnam,steps_2023,corporate_economy,282000,0.6911764705882353,technology,0.018050541516245487
automotive,ice,2028,asia_pacific,nze_2023,corporate_economy,281000,0.6400911161731208,technology,0.01444043321299639
automotive,ice,2028,asia_pacific,pdp8_2023,corporate_economy,281000,0.6400911161731208,technology,0.01444043321299639
automotive,ice,2028,asia_pacific,steps_2023,corporate_economy,281000,0.6400911161731208,technology,0.01444043321299639
automotive,ice,2028,global,nze_2023,corporate_economy,281000,0.6400911161731208,technology,0.01444043321299639
automotive,ice,2028,global,pdp8_2023,corporate_economy,281000,0.6400911161731208,technology,0.01444043321299639
automotive,ice,2028,global,steps_2023,corporate_economy,281000,0.6400911161731208,technology,0.01444043321299639
automotive,ice,2028,vietnam,nze_2023,corporate_economy,281000,0.6400911161731208,technology,0.01444043321299639
automotive,ice,2028,vietnam,pdp8_2023,corporate_economy,281000,0.6400911161731208,technology,0.01444043321299639
automotive,ice,2028,vietnam,steps_2023,corporate_economy,281000,0.6400911161731208,technology,0.01444043321299639
automotive,ice,2029,asia_pacific,nze_2023,corporate_economy,277000,0.5918803418803419,technology,0
automotive,ice,2029,asia_pacific,pdp8_2023,corporate_economy,277000,0.5918803418803419,technology,0
automotive,ice,2029,asia_pacific,steps_2023,corporate_economy,277000,0.5918803418803419,technology,0
automotive,ice,2029,global,nze_2023,corporate_economy,277000,0.5918803418803419,technology,0
automotive,ice,2029,global,pdp8_2023,corporate_economy,277000,0.5918803418803419,technology,0
automotive,ice,2029,global,steps_2023,corporate_economy,277000,0.5918803418803419,technology,0
automotive,ice,2029,vietnam,nze_2023,corporate_economy,277000,0.5918803418803419,technology,0
automotive,ice,2029,vietnam,pdp8_2023,corporate_economy,277000,0.5918803418803419,technology,0
automotive,ice,2029,vietnam,steps_2023,corporate_economy,277000,0.5918803418803419,technology,0
automotive,ice,2030,asia_pacific,nze_2023,corporate_economy,268000,0.5317460317460317,technology,-0.032490974729241874
automotive,ice,2030,asia_pacific,pdp8_2023,corporate_economy,268000,0.5317460317460317,technology,-0.032490974729241874
automotive,ice,2030,asia_pacific,steps_2023,corporate_economy,268000,0.5317460317460317,technology,-0.032490974729241874
automotive,ice,2030,global,nze_2023,corporate_economy,268000,0.5317460317460317,technology,-0.032490974729241874
automotive,ice,2030,global,pdp8_2023,corporate_economy,268000,0.5317460317460317,technology,-0.032490974729241874
automotive,ice,2030,global,steps_2023,corporate_economy,268000,0.5317460317460317,technology,-0.032490974729241874
automotive,ice,2030,vietnam,nze_2023,corporate_economy,268000,0.5317460317460317,technology,-0.032490974729241874
automotive,ice,2030,vietnam,pdp8_2023,corporate_economy,268000,0.5317460317460317,technology,-0.032490974729241874
automotive,ice,2030,vietnam,steps_2023,corporate_economy,268000,0.5317460317460317,technology,-0.032490974729241874
power,coalcap,2025,asia_pacific,nze_2023,corporate_economy,15700,0.44818726805595205,technology,0
power,coalcap,2025,asia_pacific,pdp8_2023,corporate_economy,15700,0.44818726805595205,technology,0
power,coalcap,2025,asia_pacific,steps_2023,corporate_economy,15700,0.44818726805595205,technology,0
power,coalcap,2025,global,nze_2023,corporate_economy,15700,0.44818726805595205,technology,0
power,coalcap,2025,global,pdp8_2023,corporate_economy,15700,0.44818726805595205,technology,0
power,coalcap,2025,global,steps_2023,corporate_economy,15700,0.44818726805595205,technology,0
power,coalcap,2025,vietnam,nze_2023,corporate_economy,15700,0.44818726805595205,technology,0
power,coalcap,2025,vietnam,pdp8_2023,corporate_economy,15700,0.44818726805595205,technology,0
power,coalcap,2025,vietnam,steps_2023,corporate_economy,15700,0.44818726805595205,technology,0
power,coalcap,2026,asia_pacific,nze_2023,corporate_economy,15680,0.43567657682689637,technology,-0.0012738853503184713
power,coalcap,2026,asia_pacific,pdp8_2023,corporate_economy,15680,0.43567657682689637,technology,-0.0012738853503184713
power,coalcap,2026,asia_pacific,steps_2023,corporate_economy,15680,0.43567657682689637,technology,-0.0012738853503184713
power,coalcap,2026,global,nze_2023,corporate_economy,15680,0.43567657682689637,technology,-0.0012738853503184713
power,coalcap,2026,global,pdp8_2023,corporate_economy,15680,0.43567657682689637,technology,-0.0012738853503184713
power,coalcap,2026,global,steps_2023,corporate_economy,15680,0.43567657682689637,technology,-0.0012738853503184713
power,coalcap,2026,vietnam,nze_2023,corporate_economy,15680,0.43567657682689637,technology,-0.0012738853503184713
power,coalcap,2026,vietnam,pdp8_2023,corporate_economy,15680,0.43567657682689637,technology,-0.0012738853503184713
power,coalcap,2026,vietnam,steps_2023,corporate_economy,15680,0.43567657682689637,technology,-0.0012738853503184713
power,coalcap,2027,asia_pacific,nze_2023,corporate_economy,15150,0.40725806451612906,technology,-0.03503184713375796
power,coalcap,2027,asia_pacific,pdp8_2023,corporate_economy,15150,0.40725806451612906,technology,-0.03503184713375796
power,coalcap,2027,asia_pacific,steps_2023,corporate_economy,15150,0.40725806451612906,technology,-0.03503184713375796
power,coalcap,2027,global,nze_2023,corporate_economy,15150,0.40725806451612906,technology,-0.03503184713375796
power,coalcap,2027,global,pdp8_2023,corporate_economy,15150,0.40725806451612906,technology,-0.03503184713375796
power,coalcap,2027,global,steps_2023,corporate_economy,15150,0.40725806451612906,technology,-0.03503184713375796
power,coalcap,2027,vietnam,nze_2023,corporate_economy,15150,0.40725806451612906,technology,-0.03503184713375796
power,coalcap,2027,vietnam,pdp8_2023,corporate_economy,15150,0.40725806451612906,technology,-0.03503184713375796
power,coalcap,2027,vietnam,steps_2023,corporate_economy,15150,0.40725806451612906,technology,-0.03503184713375796
power,coalcap,2028,asia_pacific,nze_2023,corporate_economy,14900,0.3867116532572022,technology,-0.050955414012738856
power,coalcap,2028,asia_pacific,pdp8_2023,corporate_economy,14900,0.3867116532572022,technology,-0.050955414012738856
power,coalcap,2028,asia_pacific,steps_2023,corporate_economy,14900,0.3867116532572022,technology,-0.050955414012738856
power,coalcap,2028,global,nze_2023,corporate_economy,14900,0.3867116532572022,technology,-0.050955414012738856
power,coalcap,2028,global,pdp8_2023,corporate_economy,14900,0.3867116532572022,technology,-0.050955414012738856
power,coalcap,2028,global,steps_2023,corporate_economy,14900,0.3867116532572022,technology,-0.050955414012738856
power,coalcap,2028,vietnam,nze_2023,corporate_economy,14900,0.3867116532572022,technology,-0.050955414012738856
power,coalcap,2028,vietnam,pdp8_2023,corporate_economy,14900,0.3867116532572022,technology,-0.050955414012738856
power,coalcap,2028,vietnam,steps_2023,corporate_economy,14900,0.3867116532572022,technology,-0.050955414012738856
power,coalcap,2029,asia_pacific,nze_2023,corporate_economy,14560,0.37001270648030493,technology,-0.07261146496815286
power,coalcap,2029,asia_pacific,pdp8_2023,corporate_economy,14560,0.37001270648030493,technology,-0.07261146496815286
power,coalcap,2029,asia_pacific,steps_2023,corporate_economy,14560,0.37001270648030493,technology,-0.07261146496815286
power,coalcap,2029,global,nze_2023,corporate_economy,14560,0.37001270648030493,technology,-0.07261146496815286
power,coalcap,2029,global,pdp8_2023,corporate_economy,14560,0.37001270648030493,technology,-0.07261146496815286
power,coalcap,2029,global,steps_2023,corporate_economy,14560,0.37001270648030493,technology,-0.07261146496815286
power,coalcap,2029,vietnam,nze_2023,corporate_economy,14560,0.37001270648030493,technology,-0.07261146496815286
power,coalcap,2029,vietnam,pdp8_2023,corporate_economy,14560,0.37001270648030493,technology,-0.07261146496815286
power,coalcap,2029,vietnam,steps_2023,corporate_economy,14560,0.37001270648030493,technology,-0.07261146496815286
power,coalcap,2030,asia_pacific,nze_2023,corporate_economy,14000,0.3495630461922597,technology,-0.10828025477707007
power,coalcap,2030,asia_pacific,pdp8_2023,corporate_economy,14000,0.3495630461922597,technology,-0.10828025477707007
power,coalcap,2030,asia_pacific,steps_2023,corporate_economy,14000,0.3495630461922597,technology,-0.10828025477707007
power,coalcap,2030,global,nze_2023,corporate_economy,14000,0.3495630461922597,technology,-0.10828025477707007
power,coalcap,2030,global,pdp8_2023,corporate_economy,14000,0.3495630461922597,technology,-0.10828025477707007
power,coalcap,2030,global,steps_2023,corporate_economy,14000,0.3495630461922597,technology,-0.10828025477707007
power,coalcap,2030,vietnam,nze_2023,corporate_economy,14000,0.3495630461922597,technology,-0.10828025477707007
power,coalcap,2030,vietnam,pdp8_2023,corporate_economy,14000,0.3495630461922597,technology,-0.10828025477707007
power,coalcap,2030,vietnam,steps_2023,corporate_economy,14000,0.3495630461922597,technology,-0.10828025477707007
power,gascap,2025,asia_pacific,nze_2023,corporate_economy,5700,0.1627176705680845,technology,0
power,gascap,2025,asia_pacific,pdp8_2023,corporate_economy,5700,0.1627176705680845,technology,0
power,gascap,2025,asia_pacific,steps_2023,corporate_economy,5700,0.1627176705680845,technology,0
power,gascap,2025,global,nze_2023,corporate_economy,5700,0.1627176705680845,technology,0
power,gascap,2025,global,pdp8_2023,corporate_economy,5700,0.1627176705680845,technology,0
power,gascap,2025,global,steps_2023,corporate_economy,5700,0.1627176705680845,technology,0
power,gascap,2025,vietnam,nze_2023,corporate_economy,5700,0.1627176705680845,technology,0
power,gascap,2025,vietnam,pdp8_2023,corporate_economy,5700,0.1627176705680845,technology,0
power,gascap,2025,vietnam,steps_2023,corporate_economy,5700,0.1627176705680845,technology,0
power,gascap,2026,asia_pacific,nze_2023,corporate_economy,6020,0.16726868574604056,technology,0.056140350877192984
power,gascap,2026,asia_pacific,pdp8_2023,corporate_economy,6020,0.16726868574604056,technology,0.056140350877192984
power,gascap,2026,asia_pacific,steps_2023,corporate_economy,6020,0.16726868574604056,technology,0.056140350877192984
power,gascap,2026,global,nze_2023,corporate_economy,6020,0.16726868574604056,technology,0.056140350877192984
power,gascap,2026,global,pdp8_2023,corporate_economy,6020,0.16726868574604056,technology,0.056140350877192984
power,gascap,2026,global,steps_2023,corporate_economy,6020,0.16726868574604056,technology,0.056140350877192984
power,gascap,2026,vietnam,nze_2023,corporate_economy,6020,0.16726868574604056,technology,0.056140350877192984
power,gascap,2026,vietnam,pdp8_2023,corporate_economy,6020,0.16726868574604056,technology,0.056140350877192984
power,gascap,2026,vietnam,steps_2023,corporate_economy,6020,0.16726868574604056,technology,0.056140350877192984
power,gascap,2027,asia_pacific,nze_2023,corporate_economy,7140,0.19193548387096773,technology,0.25263157894736843
power,gascap,2027,asia_pacific,pdp8_2023,corporate_economy,7140,0.19193548387096773,technology,0.25263157894736843
power,gascap,2027,asia_pacific,steps_2023,corporate_economy,7140,0.19193548387096773,technology,0.25263157894736843
power,gascap,2027,global,nze_2023,corporate_economy,7140,0.19193548387096773,technology,0.25263157894736843
power,gascap,2027,global,pdp8_2023,corporate_economy,7140,0.19193548387096773,technology,0.25263157894736843
power,gascap,2027,global,steps_2023,corporate_economy,7140,0.19193548387096773,technology,0.25263157894736843
power,gascap,2027,vietnam,nze_2023,corporate_economy,7140,0.19193548387096773,technology,0.25263157894736843
power,gascap,2027,vietnam,pdp8_2023,corporate_economy,7140,0.19193548387096773,technology,0.25263157894736843
power,gascap,2027,vietnam,steps_2023,corporate_economy,7140,0.19193548387096773,technology,0.25263157894736843
power,gascap,2028,asia_pacific,nze_2023,corporate_economy,8040,0.208668569945497,technology,0.4105263157894737
power,gascap,2028,asia_pacific,pdp8_2023,corporate_economy,8040,0.208668569945497,technology,0.4105263157894737
power,gascap,2028,asia_pacific,steps_2023,corporate_economy,8040,0.208668569945497,technology,0.4105263157894737
power,gascap,2028,global,nze_2023,corporate_economy,8040,0.208668569945497,technology,0.4105263157894737
power,gascap,2028,global,pdp8_2023,corporate_economy,8040,0.208668569945497,technology,0.4105263157894737
power,gascap,2028,global,steps_2023,corporate_economy,8040,0.208668569945497,technology,0.4105263157894737
power,gascap,2028,vietnam,nze_2023,corporate_economy,8040,0.208668569945497,technology,0.4105263157894737
power,gascap,2028,vietnam,pdp8_2023,corporate_economy,8040,0.208668569945497,technology,0.4105263157894737
power,gascap,2028,vietnam,steps_2023,corporate_economy,8040,0.208668569945497,technology,0.4105263157894737
power,gascap,2029,asia_pacific,nze_2023,corporate_economy,8530,0.2167725540025413,technology,0.49649122807017543
power,gascap,2029,asia_pacific,pdp8_2023,corporate_economy,8530,0.2167725540025413,technology,0.49649122807017543
power,gascap,2029,asia_pacific,steps_2023,corporate_economy,8530,0.2167725540025413,technology,0.49649122807017543
power,gascap,2029,global,nze_2023,corporate_economy,8530,0.2167725540025413,technology,0.49649122807017543
power,gascap,2029,global,pdp8_2023,corporate_economy,8530,0.2167725540025413,technology,0.49649122807017543
power,gascap,2029,global,steps_2023,corporate_economy,8530,0.2167725540025413,technology,0.49649122807017543
power,gascap,2029,vietnam,nze_2023,corporate_economy,8530,0.2167725540025413,technology,0.49649122807017543
power,gascap,2029,vietnam,pdp8_2023,corporate_economy,8530,0.2167725540025413,technology,0.49649122807017543
power,gascap,2029,vietnam,steps_2023,corporate_economy,8530,0.2167725540025413,technology,0.49649122807017543
power,gascap,2030,asia_pacific,nze_2023,corporate_economy,9150,0.22846441947565543,technology,0.6052631578947368
power,gascap,2030,asia_pacific,pdp8_2023,corporate_economy,9150,0.22846441947565543,technology,0.6052631578947368
power,gascap,2030,asia_pacific,steps_2023,corporate_economy,9150,0.22846441947565543,technology,0.6052631578947368
power,gascap,2030,global,nze_2023,corporate_economy,9150,0.22846441947565543,technology,0.6052631578947368
power,gascap,2030,global,pdp8_2023,corporate_economy,9150,0.22846441947565543,technology,0.6052631578947368
power,gascap,2030,global,steps_2023,corporate_economy,9150,0.22846441947565543,technology,0.6052631578947368
power,gascap,2030,vietnam,nze_2023,corporate_economy,9150,0.22846441947565543,technology,0.6052631578947368
power,gascap,2030,vietnam,pdp8_2023,corporate_economy,9150,0.22846441947565543,technology,0.6052631578947368
power,gascap,2030,vietnam,steps_2023,corporate_economy,9150,0.22846441947565543,technology,0.6052631578947368
power,hydrocap,2025,asia_pacific,nze_2023,corporate_economy,10200,0.2911789894376249,sector,0
power,hydrocap,2025,asia_pacific,pdp8_2023,corporate_economy,10200,0.2911789894376249,sector,0
power,hydrocap,2025,asia_pacific,steps_2023,corporate_economy,10200,0.2911789894376249,sector,0
power,hydrocap,2025,global,nze_2023,corporate_economy,10200,0.2911789894376249,sector,0
power,hydrocap,2025,global,pdp8_2023,corporate_economy,10200,0.2911789894376249,sector,0
power,hydrocap,2025,global,steps_2023,corporate_economy,10200,0.2911789894376249,sector,0
power,hydrocap,2025,vietnam,nze_2023,corporate_economy,10200,0.2911789894376249,sector,0
power,hydrocap,2025,vietnam,pdp8_2023,corporate_economy,10200,0.2911789894376249,sector,0
power,hydrocap,2025,vietnam,steps_2023,corporate_economy,10200,0.2911789894376249,sector,0
power,hydrocap,2026,asia_pacific,nze_2023,corporate_economy,10270,0.28535704362322867,sector,0.0019982871824150727
power,hydrocap,2026,asia_pacific,pdp8_2023,corporate_economy,10270,0.28535704362322867,sector,0.0019982871824150727
power,hydrocap,2026,asia_pacific,steps_2023,corporate_economy,10270,0.28535704362322867,sector,0.0019982871824150727
power,hydrocap,2026,global,nze_2023,corporate_economy,10270,0.28535704362322867,sector,0.0019982871824150727
power,hydrocap,2026,global,pdp8_2023,corporate_economy,10270,0.28535704362322867,sector,0.0019982871824150727
power,hydrocap,2026,global,steps_2023,corporate_economy,10270,0.28535704362322867,sector,0.0019982871824150727
power,hydrocap,2026,vietnam,nze_2023,corporate_economy,10270,0.28535704362322867,sector,0.0019982871824150727
power,hydrocap,2026,vietnam,pdp8_2023,corporate_economy,10270,0.28535704362322867,sector,0.0019982871824150727
power,hydrocap,2026,vietnam,steps_2023,corporate_economy,10270,0.28535704362322867,sector,0.0019982871824150727
power,hydrocap,2027,asia_pacific,nze_2023,corporate_economy,10350,0.2782258064516129,sector,0.004282043962318013
power,hydrocap,2027,asia_pacific,pdp8_2023,corporate_economy,10350,0.2782258064516129,sector,0.004282043962318013
power,hydrocap,2027,asia_pacific,steps_2023,corporate_economy,10350,0.2782258064516129,sector,0.004282043962318013
power,hydrocap,2027,global,nze_2023,corporate_economy,10350,0.2782258064516129,sector,0.004282043962318013
power,hydrocap,2027,global,pdp8_2023,corporate_economy,10350,0.2782258064516129,sector,0.004282043962318013
power,hydrocap,2027,global,steps_2023,corporate_economy,10350,0.2782258064516129,sector,0.004282043962318013
power,hydrocap,2027,vietnam,nze_2023,corporate_economy,10350,0.2782258064516129,sector,0.004282043962318013
power,hydrocap,2027,vietnam,pdp8_2023,corporate_economy,10350,0.2782258064516129,sector,0.004282043962318013
power,hydrocap,2027,vietnam,steps_2023,corporate_economy,10350,0.2782258064516129,sector,0.004282043962318013
power,hydrocap,2028,asia_pacific,nze_2023,corporate_economy,10450,0.27121723332468206,sector,0.007136739937196689
power,hydrocap,2028,asia_pacific,pdp8_2023,corporate_economy,10450,0.27121723332468206,sector,0.007136739937196689
power,hydrocap,2028,asia_pacific,steps_2023,corporate_economy,10450,0.27121723332468206,sector,0.007136739937196689
power,hydrocap,2028,global,nze_2023,corporate_economy,10450,0.27121723332468206,sector,0.007136739937196689
power,hydrocap,2028,global,pdp8_2023,corporate_economy,10450,0.27121723332468206,sector,0.007136739937196689
power,hydrocap,2028,global,steps_2023,corporate_economy,10450,0.27121723332468206,sector,0.007136739937196689
power,hydrocap,2028,vietnam,nze_2023,corporate_economy,10450,0.27121723332468206,sector,0.007136739937196689
power,hydrocap,2028,vietnam,pdp8_2023,corporate_economy,10450,0.27121723332468206,sector,0.007136739937196689
power,hydrocap,2028,vietnam,steps_2023,corporate_economy,10450,0.27121723332468206,sector,0.007136739937196689
power,hydrocap,2029,asia_pacific,nze_2023,corporate_economy,10550,0.2681067344345616,sector,0.009991435912075365
power,hydrocap,2029,asia_pacific,pdp8_2023,corporate_economy,10550,0.2681067344345616,sector,0.009991435912075365
power,hydrocap,2029,asia_pacific,steps_2023,corporate_economy,10550,0.2681067344345616,sector,0.009991435912075365
power,hydrocap,2029,global,nze_2023,corporate_economy,10550,0.2681067344345616,sector,0.009991435912075365
power,hydrocap,2029,global,pdp8_2023,corporate_economy,10550,0.2681067344345616,sector,0.009991435912075365
power,hydrocap,2029,global,steps_2023,corporate_economy,10550,0.2681067344345616,sector,0.009991435912075365
power,hydrocap,2029,vietnam,nze_2023,corporate_economy,10550,0.2681067344345616,sector,0.009991435912075365
power,hydrocap,2029,vietnam,pdp8_2023,corporate_economy,10550,0.2681067344345616,sector,0.009991435912075365
power,hydrocap,2029,vietnam,steps_2023,corporate_economy,10550,0.2681067344345616,sector,0.009991435912075365
power,hydrocap,2030,asia_pacific,nze_2023,corporate_economy,10700,0.2671660424469413,sector,0.014273479874393378
power,hydrocap,2030,asia_pacific,pdp8_2023,corporate_economy,10700,0.2671660424469413,sector,0.014273479874393378
power,hydrocap,2030,asia_pacific,steps_2023,corporate_economy,10700,0.2671660424469413,sector,0.014273479874393378
power,hydrocap,2030,global,nze_2023,corporate_economy,10700,0.2671660424469413,sector,0.014273479874393378
power,hydrocap,2030,global,pdp8_2023,corporate_economy,10700,0.2671660424469413,sector,0.014273479874393378
power,hydrocap,2030,global,steps_2023,corporate_economy,10700,0.2671660424469413,sector,0.014273479874393378
power,hydrocap,2030,vietnam,nze_2023,corporate_economy,10700,0.2671660424469413,sector,0.014273479874393378
power,hydrocap,2030,vietnam,pdp8_2023,corporate_economy,10700,0.2671660424469413,sector,0.014273479874393378
power,hydrocap,2030,vietnam,steps_2023,corporate_economy,10700,0.2671660424469413,sector,0.014273479874393378
power,renewablescap,2025,asia_pacific,nze_2023,corporate_economy,3430,0.09791607193833857,sector,0
power,renewablescap,2025,asia_pacific,pdp8_2023,corporate_economy,3430,0.09791607193833857,sector,0
power,renewablescap,2025,asia_pacific,steps_2023,corporate_economy,3430,0.09791607193833857,sector,0
power,renewablescap,2025,global,nze_2023,corporate_economy,3430,0.09791607193833857,sector,0
power,renewablescap,2025,global,pdp8_2023,corporate_economy,3430,0.09791607193833857,sector,0
power,renewablescap,2025,global,steps_2023,corporate_economy,3430,0.09791607193833857,sector,0
power,renewablescap,2025,vietnam,nze_2023,corporate_economy,3430,0.09791607193833857,sector,0
power,renewablescap,2025,vietnam,pdp8_2023,corporate_economy,3430,0.09791607193833857,sector,0
power,renewablescap,2025,vietnam,steps_2023,corporate_economy,3430,0.09791607193833857,sector,0
power,renewablescap,2026,asia_pacific,nze_2023,corporate_economy,4020,0.1116976938038344,sector,0.016842706251784186
power,renewablescap,2026,asia_pacific,pdp8_2023,corporate_economy,4020,0.1116976938038344,sector,0.016842706251784186
power,renewablescap,2026,asia_pacific,steps_2023,corporate_economy,4020,0.1116976938038344,sector,0.016842706251784186
power,renewablescap,2026,global,nze_2023,corporate_economy,4020,0.1116976938038344,sector,0.016842706251784186
power,renewablescap,2026,global,pdp8_2023,corporate_economy,4020,0.1116976938038344,sector,0.016842706251784186
power,renewablescap,2026,global,steps_2023,corporate_economy,4020,0.1116976938038344,sector,0.016842706251784186
power,renewablescap,2026,vietnam,nze_2023,corporate_economy,4020,0.1116976938038344,sector,0.016842706251784186
power,renewablescap,2026,vietnam,pdp8_2023,corporate_economy,4020,0.1116976938038344,sector,0.016842706251784186
power,renewablescap,2026,vietnam,steps_2023,corporate_economy,4020,0.1116976938038344,sector,0.016842706251784186
power,renewablescap,2027,asia_pacific,nze_2023,corporate_economy,4560,0.12258064516129032,sector,0.03225806451612903
power,renewablescap,2027,asia_pacific,pdp8_2023,corporate_economy,4560,0.12258064516129032,sector,0.03225806451612903
power,renewablescap,2027,asia_pacific,steps_2023,corporate_economy,4560,0.12258064516129032,sector,0.03225806451612903
power,renewablescap,2027,global,nze_2023,corporate_economy,4560,0.12258064516129032,sector,0.03225806451612903
power,renewablescap,2027,global,pdp8_2023,corporate_economy,4560,0.12258064516129032,sector,0.03225806451612903
power,renewablescap,2027,global,steps_2023,corporate_economy,4560,0.12258064516129032,sector,0.03225806451612903
power,renewablescap,2027,vietnam,nze_2023,corporate_economy,4560,0.12258064516129032,sector,0.03225806451612903
power,renewablescap,2027,vietnam,pdp8_2023,corporate_economy,4560,0.12258064516129032,sector,0.03225806451612903
power,renewablescap,2027,vietnam,steps_2023,corporate_economy,4560,0.12258064516129032,sector,0.03225806451612903
power,renewablescap,2028,asia_pacific,nze_2023,corporate_economy,5140,0.13340254347261873,sector,0.04881530117042535
power,renewablescap,2028,asia_pacific,pdp8_2023,corporate_economy,5140,0.13340254347261873,sector,0.04881530117042535
power,renewablescap,2028,asia_pacific,steps_2023,corporate_economy,5140,0.13340254347261873,sector,0.04881530117042535
power,renewablescap,2028,global,nze_2023,corporate_economy,5140,0.13340254347261873,sector,0.04881530117042535
power,renewablescap,2028,global,pdp8_2023,corporate_economy,5140,0.13340254347261873,sector,0.04881530117042535
power,renewablescap,2028,global,steps_2023,corporate_economy,5140,0.13340254347261873,sector,0.04881530117042535
power,renewablescap,2028,vietnam,nze_2023,corporate_economy,5140,0.13340254347261873,sector,0.04881530117042535
power,renewablescap,2028,vietnam,pdp8_2023,corporate_economy,5140,0.13340254347261873,sector,0.04881530117042535
power,renewablescap,2028,vietnam,steps_2023,corporate_economy,5140,0.13340254347261873,sector,0.04881530117042535
power,renewablescap,2029,asia_pacific,nze_2023,corporate_economy,5710,0.1451080050825921,sector,0.0650870682272338
power,renewablescap,2029,asia_pacific,pdp8_2023,corporate_economy,5710,0.1451080050825921,sector,0.0650870682272338
power,renewablescap,2029,asia_pacific,steps_2023,corporate_economy,5710,0.1451080050825921,sector,0.0650870682272338
power,renewablescap,2029,global,nze_2023,corporate_economy,5710,0.1451080050825921,sector,0.0650870682272338
power,renewablescap,2029,global,pdp8_2023,corporate_economy,5710,0.1451080050825921,sector,0.0650870682272338
power,renewablescap,2029,global,steps_2023,corporate_economy,5710,0.1451080050825921,sector,0.0650870682272338
power,renewablescap,2029,vietnam,nze_2023,corporate_economy,5710,0.1451080050825921,sector,0.0650870682272338
power,renewablescap,2029,vietnam,pdp8_2023,corporate_economy,5710,0.1451080050825921,sector,0.0650870682272338
power,renewablescap,2029,vietnam,steps_2023,corporate_economy,5710,0.1451080050825921,sector,0.0650870682272338
power,renewablescap,2030,asia_pacific,nze_2023,corporate_economy,6200,0.15480649188514356,sector,0.0790750785041393
power,renewablescap,2030,asia_pacific,pdp8_2023,corporate_economy,6200,0.15480649188514356,sector,0.0790750785041393
power,renewablescap,2030,asia_pacific,steps_2023,corporate_economy,6200,0.15480649188514356,sector,0.0790750785041393
power,renewablescap,2030,global,nze_2023,corporate_economy,6200,0.15480649188514356,sector,0.0790750785041393
power,renewablescap,2030,global,pdp8_2023,corporate_economy,6200,0.15480649188514356,sector,0.0790750785041393
power,renewablescap,2030,global,steps_2023,corporate_economy,6200,0.15480649188514356,sector,0.0790750785041393
power,renewablescap,2030,vietnam,nze_2023,corporate_economy,6200,0.15480649188514356,sector,0.0790750785041393
power,renewablescap,2030,vietnam,pdp8_2023,corporate_economy,6200,0.15480649188514356,sector,0.0790750785041393
power,renewablescap,2030,vietnam,steps_2023,corporate_economy,6200,0.15480649188514356,sector,0.0790750785041393
